{"cameraMode":{"drawMode":0,"name":"Shaded","section":"Shading Mode"},"sceneLighting":true,"audioPlay":false,"sceneViewState":{"m_AlwaysRefresh":false,"showFog":true,"showSkybox":true,"showFlares":true,"showImageEffects":true,"showParticleSystems":true,"showVisualEffectGraphs":true,"m_FxEnabled":true},"in2DMode":false,"pivot":{"x":-6.883399486541748,"y":-5.5230913162231449,"z":11.95980167388916},"rotation":{"x":0.40246865153312685,"y":-0.03817182034254074,"z":0.016825826838612558,"w":0.9145348072052002},"size":14.821745872497559,"orthographic":false}